EVA1_1_USUARIOS
MySQL Shell 1.0.11

Copyright (c) 2016, 2017, Oracle and/or its affiliates. All rights reserved.

Oracle is a registered trademark of Oracle Corporation and/or its
affiliates. Other names may be trademarks of their respective
owners.

Type '\help' or '\?' for help; '\quit' to exit.

Currently in JavaScript mode. Use \sql to switch to SQL mode and execute queries
.
mysql-js> \connect -c root@localhost:3306
Creating a Classic Session to 'root@localhost:3306'
Enter password:
Your MySQL connection id is 3
Server version: 5.5.8-log MySQL Community Server (GPL)
No default schema selected; type \use <schema> to set one.
mysql-js> \sql
Switching to SQL mode... Commands end with ;
mysql-sql> create user `prueba' @ `localhost' identified by `alfa' ;
ERROR: 1064 (42000): You have an error in your SQL syntax; check the manual that
 corresponds to your MySQL server version for the right syntax to use near 'loca
lhost' identified by `alfa'' at line 1
mysql-sql> CREATE USER `Prueba' @`localhost' IDENTIFIED BY `alfa' ;
ERROR: 1064 (42000): You have an error in your SQL syntax; check the manual that
 corresponds to your MySQL server version for the right syntax to use near 'loca
lhost' IDENTIFIED BY `alfa'' at line 1
mysql-sql> create user `prueba'@`localhost' identified by `alfa'
       ... ;
ERROR: 1064 (42000): You have an error in your SQL syntax; check the manual that
 corresponds to your MySQL server version for the right syntax to use near 'loca
lhost' identified by `alfa'' at line 1
mysql-sql> create user "alfa"@"localhost" identified by "alfa"
       ... ;
Query OK, 0 rows affected (0.20 sec)
mysql-sql> \connect -c alfa@localhost:3306
Creating a Classic Session to 'alfa@localhost:3306'
Enter password: ****
Closing old connection...
Your MySQL connection id is 6
Server version: 5.5.8-log MySQL Community Server (GPL)
No default schema selected; type \use <schema> to set one.
mysql-sql> show databases;
+--------------------+
| Database           |
+--------------------+
| information_schema |
| test               |
+--------------------+
2 rows in set (0.00 sec)
mysql-sql> \use world
MySQL Error (1044): Access denied for user 'alfa'@'localhost' to database 'world
'
mysql-sql> \connect -c root@localhost:3306
Creating a Classic Session to 'root@localhost:3306'
Enter password:
Closing old connection...
Your MySQL connection id is 7
Server version: 5.5.8-log MySQL Community Server (GPL)
No default schema selected; type \use <schema> to set one.
mysql-sql> grant all *.* "alfa"@"localhost"
       ... ;
ERROR: 1064 (42000): You have an error in your SQL syntax; check the manual that
 corresponds to your MySQL server version for the right syntax to use near '*.*
"alfa"@"localhost"' at line 1
mysql-sql> grant all on *.* "alfa"@"localhost"
       ... ;
ERROR: 1064 (42000): You have an error in your SQL syntax; check the manual that
 corresponds to your MySQL server version for the right syntax to use near '"alf
a"@"localhost"' at line 1
mysql-sql> grant all on *.* to "alfa"@"localhost"
       ... ;
Query OK, 0 rows affected (0.00 sec)
mysql-sql> \connect -c alfa@localhost
Creating a Classic Session to 'alfa@localhost'
Enter password: ****
Closing old connection...
Your MySQL connection id is 8
Server version: 5.5.8-log MySQL Community Server (GPL)
No default schema selected; type \use <schema> to set one.
mysql-sql> show databases;
+--------------------+
| Database           |
+--------------------+
| information_schema |
| banco2             |
| datoscoches        |
| examen             |
| inventario         |
| mi examen          |
| mysql              |
| new_schema         |
| performance_schema |
| practica2azteca    |
| test               |
+--------------------+
11 rows in set (0.00 sec)
mysql-sql> use inventario;
Query OK, 0 rows affected (0.00 sec)
mysql-sql> show tables;
+-----------------------------------+
| Tables_in_inventario              |
+-----------------------------------+
| ciudad                            |
| clientes                          |
| direccion                         |
| empleados                         |
| inventario                        |
| productos                         |
| proveedor                         |
| proveedor_has_productos           |
| ventas                            |
| ventas_has_clientes               |
| ventas_has_clientes_has_productos |
+-----------------------------------+
11 rows in set (0.30 sec)
mysql-sql> Select* from ciudad;
+----------+----------------------+
| Num_City | Nombre de la entidad |
+----------+----------------------+
|        1 | Chihuahua            |
|        2 | Cd. Juarez           |
|        3 | Cuathemoc            |
|        4 | Guadalajara          |
|        5 | Mordor               |
|        6 | Gondor               |
|        7 | Hogwarts             |
|        8 | Tatooteine           |
|        9 | Naboo                |
|       10 | la comarca           |
+----------+----------------------+
10 rows in set (0.67 sec)
mysql-sql> \connect -c root@localhost
Creating a Classic Session to 'root@localhost'
Enter password:
Closing old connection...
Your MySQL connection id is 9
Server version: 5.5.8-log MySQL Community Server (GPL)
No default schema selected; type \use <schema> to set one.
mysql-sql> revoke all privileges, grant option from "alfa"@"localhost" ;
Query OK, 0 rows affected (0.04 sec)
mysql-sql> grant select on *.* to "alfa"@"localhost" ;
Query OK, 0 rows affected (0.00 sec)
mysql-sql> \connect -c alfa@localhost
Creating a Classic Session to 'alfa@localhost'
Enter password: ****
Closing old connection...
Your MySQL connection id is 10
Server version: 5.5.8-log MySQL Community Server (GPL)
No default schema selected; type \use <schema> to set one.
mysql-sql> show databases;
+--------------------+
| Database           |
+--------------------+
| information_schema |
| banco2             |
| datoscoches        |
| examen             |
| inventario         |
| mi examen          |
| mysql              |
| new_schema         |
| performance_schema |
| practica2azteca    |
| test               |
+--------------------+
11 rows in set (0.00 sec)
mysql-sql>

MySQL Shell 1.0.11

Copyright (c) 2016, 2017, Oracle and/or its affiliates. All rights reserved.

Oracle is a registered trademark of Oracle Corporation and/or its
affiliates. Other names may be trademarks of their respective
owners.

Type '\help' or '\?' for help; '\quit' to exit.

Currently in JavaScript mode. Use \sql to switch to SQL mode and execute queries
.
mysql-js> \connect -c root@localhost: 3306
\connect [-<type>] <uri or $name>
mysql-js> \sql
Switching to SQL mode... Commands end with ;
mysql-sql>  \Connect -c root@localhost:3306
ERROR: Not connected.
mysql-sql> \connect -c root@localhost:3306
Creating a Classic Session to 'root@localhost:3306'
Enter password:
Your MySQL connection id is 1
Server version: 5.5.8-log MySQL Community Server (GPL)
No default schema selected; type \use <schema> to set one.
mysql-sql> Show databases;
+--------------------+
| Database           |
+--------------------+
| information_schema |
| banco2             |
| datoscoches        |
| examen             |
| inventario         |
| mi examen          |
| mysql              |
| new_schema         |
| performance_schema |
| practica2azteca    |
| test               |
+--------------------+
11 rows in set (0.15 sec)
mysql-sql> \use inventario
Schema set to `inventario`.
mysql-sql> show tables;
+-----------------------------------+
| Tables_in_inventario              |
+-----------------------------------+
| ciudad                            |
| clientes                          |
| direccion                         |
| empleados                         |
| inventario                        |
| productos                         |
| proveedor                         |
| proveedor_has_productos           |
| ventas                            |
| ventas_has_clientes               |
| ventas_has_clientes_has_productos |
+-----------------------------------+
11 rows in set (0.00 sec)
mysql-sql> select * from ciudad limit 3;
+----------+----------------------+
| Num_City | Nombre de la entidad |
+----------+----------------------+
|        1 | Chihuahua            |
|        2 | Cd. Juarez           |
|        3 | Cuathemoc            |
+----------+----------------------+
3 rows in set (0.05 sec)
mysql-sql> select * from empleados limit 3;
+--------------+----------+-------------+------------+--------------------+-----
------------+
| no_emepleado | nombre_e | apellido_p  | apellido_m | Direccion_Num casa | Ciud
ad_Num_City |
+--------------+----------+-------------+------------+--------------------+-----
------------+
|            1 | Juan     | Perez       | Ramirez    |                 12 |
          2 |
|            2 | Aquiles  | de la torre | saenz      |                 18 |
          3 |
|            3 | Santiago | Gonzales    | Martinz    |                 19 |
          1 |
+--------------+----------+-------------+------------+--------------------+-----
------------+
3 rows in set (0.06 sec)
mysql-sql> revoke all privilages, grant option from "alfa"@"localhost";
ERROR: 1064 (42000): You have an error in your SQL syntax; check the manual that
 corresponds to your MySQL server version for the right syntax to use near 'priv
ilages, grant option from "alfa"@"localhost"' at line 1
mysql-sql> revoke all privileges, grant option from "alfa" @ "localhost"
       ... ;
ERROR: 1064 (42000): You have an error in your SQL syntax; check the manual that
 corresponds to your MySQL server version for the right syntax to use near '"loc
alhost"' at line 1
mysql-sql> revoke Select on *.* from "alfa" @ "localhost";
ERROR: 1064 (42000): You have an error in your SQL syntax; check the manual that
 corresponds to your MySQL server version for the right syntax to use near '"loc
alhost"' at line 1
mysql-sql> revoke select on *.* from 'alfa'@'localhost';
Query OK, 0 rows affected (0.00 sec)
mysql-sql> grant select(Num_city) on inventario.ciudad to 'alfa'@'localhost';
Query OK, 0 rows affected (0.00 sec)
mysql-sql> \connect -c alfa@localhost:3306
Creating a Classic Session to 'alfa@localhost:3306'
Enter password: ****
Closing old connection...
Your MySQL connection id is 4
Server version: 5.5.8-log MySQL Community Server (GPL)
No default schema selected; type \use <schema> to set one.
mysql-sql> show databases;
+--------------------+
| Database           |
+--------------------+
| information_schema |
| inventario         |
| test               |
+--------------------+
3 rows in set (0.00 sec)
mysql-sql> \use inventario
Schema set to `inventario`.
mysql-sql> show tables
       ... ;
+----------------------+
| Tables_in_inventario |
+----------------------+
| ciudad               |
+----------------------+
1 row in set (0.00 sec)
mysql-sql> select * from ciudad limits 5;
ERROR: 1064 (42000): You have an error in your SQL syntax; check the manual that
 corresponds to your MySQL server version for the right syntax to use near '5' a
t line 1
mysql-sql> select * from ciudad;
ERROR: 1142 (42000): SELECT command denied to user 'alfa'@'localhost' for table
'ciudad'
mysql-sql> \connect -c root@localhost:3306
Creating a Classic Session to 'root@localhost:3306'
Enter password:
Closing old connection...
Your MySQL connection id is 5
Server version: 5.5.8-log MySQL Community Server (GPL)
No default schema selected; type \use <schema> to set one.
mysql-sql> alter user 'alfa'@'localhost' identified by 'eco';
ERROR: 1064 (42000): You have an error in your SQL syntax; check the manual that
 corresponds to your MySQL server version for the right syntax to use near 'user
 'alfa'@'localhost' identified by 'eco'' at line 1
mysql-sql>


